Question,Correct_PDF,Top_Results,Latency_ms,Recall@1,Recall@3,Recall@5,Top_Citations
What is the main AI-related objective of Efficient Estimation of Word Representations in Vector Space Tomas Mikolov?,1301.3781v3.pdf,"['1301.3781v3.pdf', 'D14-1162.pdf', 'osdi16-abadi.pdf', '1301.3781v3.pdf', '20-074.pdf']",25232.61,1,1,1,"['1301.3781v3.pdf, p. 1', 'D14-1162.pdf, p. 11', 'osdi16-abadi.pdf, p. 19', '1301.3781v3.pdf, p. 2', '20-074.pdf, p. 63']"
What is the main AI-related objective of Playing Atari with Deep Reinforcement Learning Volodymyr Mnih Koray Kavukcuoglu?,1312.5602v1.pdf,"['1312.5602v1.pdf', '1709.05067v1.pdf', '1312.5602v1.pdf', '1709.05067v1.pdf', '1709.05067v1.pdf']",686.18,1,1,1,"['1312.5602v1.pdf, p. 1', '1709.05067v1.pdf, p. 1', '1312.5602v1.pdf, p. 4', '1709.05067v1.pdf, p. 2', '1709.05067v1.pdf, p. 1']"
What is the main AI-related objective of ADAM: A METHOD FOR STOCHASTIC OPTIMIZATION Diederik P. Kingma* University of?,1412.6980v9.pdf,"['1412.6980v9.pdf', '1412.6980v9.pdf', '1412.6980v9.pdf', '1412.6980v9.pdf', '1412.6980v9.pdf']",675.11,1,1,1,"['1412.6980v9.pdf, p. 1', '1412.6980v9.pdf, p. 1', '1412.6980v9.pdf, p. 10', '1412.6980v9.pdf, p. 1', '1412.6980v9.pdf, p. 6']"
What is the main AI-related objective of MLlib: Machine Learning in Apache Spark Xiangrui Meng?,15-237.pdf,"['15-237.pdf', '15-237.pdf', '15-237.pdf', '15-237.pdf', '15-237.pdf']",570.36,1,1,1,"['15-237.pdf, p. 3', '15-237.pdf, p. 3', '15-237.pdf, p. 2', '15-237.pdf, p. 5', '15-237.pdf, p. 2']"
What is the main AI-related objective of All electrical manipulation of magnetization dynamics in a ferromagnet by?,1508.07906v2.pdf,"['s44163-022-00022-8.pdf', '1910.10045v2.pdf', '2210.07658v2.pdf', '1606.06565v2.pdf', '1910.10045v2.pdf']",546.1,0,0,0,"['s44163-022-00022-8.pdf, p. 3', '1910.10045v2.pdf, p. 2', '2210.07658v2.pdf, p. 1', '1606.06565v2.pdf, p. 4', '1910.10045v2.pdf, p. 1']"
What is the main AI-related objective of UNSUPERVISED REPRESENTATION LEARNING WITH DEEP CONVOLUTIONAL GENERATIVE ADVERSARIAL?,1511.06434v2.pdf,"['1511.06434v2.pdf', '1910.10045v2.pdf', '2303.18223v19 (1).pdf', '2303.18223v19.pdf', '1511.06434v2.pdf']",584.97,1,1,1,"['1511.06434v2.pdf, p. 1', '1910.10045v2.pdf, p. 33', '2303.18223v19 (1).pdf, p. 7', '2303.18223v19.pdf, p. 7', '1511.06434v2.pdf, p. 1']"
"What is the main AI-related objective of ""Why Should I Trust You?"" Explaining the Predictions of Any Classifier Marco Tulio?",1602.04938v3.pdf,"['1602.04938v3.pdf', '1910.10045v2.pdf', '1602.04938v3.pdf', '1602.04938v3.pdf', '1910.10045v2.pdf']",1026.86,1,1,1,"['1602.04938v3.pdf, p. 1', '1910.10045v2.pdf, p. 48', '1602.04938v3.pdf, p. 1', '1602.04938v3.pdf, p. 2', '1910.10045v2.pdf, p. 6']"
What is the main AI-related objective of Communication-Efficient Learning of Deep Networks from Decentralized Data H. Brendan?,1602.05629v4.pdf,"['1602.05629v4.pdf', '1910.10045v2.pdf', '1602.05629v4.pdf', '1602.05629v4.pdf', '1602.05629v4.pdf']",521.54,1,1,1,"['1602.05629v4.pdf, p. 1', '1910.10045v2.pdf, p. 71', '1602.05629v4.pdf, p. 2', '1602.05629v4.pdf, p. 1', '1602.05629v4.pdf, p. 4']"
What is the main AI-related objective of Efficient and robust approximate nearest neighbor search using Hierarchical?,1603.09320v4.pdf,"['1603.09320v4.pdf', '1603.09320v4.pdf', '1603.09320v4.pdf', '1603.09320v4.pdf', '1603.09320v4.pdf']",467.4,1,1,1,"['1603.09320v4.pdf, p. 1', '1603.09320v4.pdf, p. 12', '1603.09320v4.pdf, p. 12', '1603.09320v4.pdf, p. 11', '1603.09320v4.pdf, p. 1']"
What is the main AI-related objective of End to End Learning for Self-Driving Cars Mariusz Bojarski NVIDIA Corporation?,1604.07316v1.pdf,"['1604.07316v1.pdf', '1910.07738v2.pdf', '1910.07738v2.pdf', '1910.07738v2.pdf', '1910.07738v2.pdf']",510.94,1,1,1,"['1604.07316v1.pdf, p. 1', '1910.07738v2.pdf, p. 3', '1910.07738v2.pdf, p. 3', '1910.07738v2.pdf, p. 3', '1910.07738v2.pdf, p. 26']"
What is the main AI-related objective of Concrete Problems in AI Safety Dario Amodei Google Brain?,1606.06565v2.pdf,"['1606.06565v2.pdf', 'AD1099286.pdf', '1606.06565v2.pdf', '1606.06565v2.pdf', '1711.09883v2.pdf']",399.69,1,1,1,"['1606.06565v2.pdf, p. 1', 'AD1099286.pdf, p. 20', '1606.06565v2.pdf, p. 2', '1606.06565v2.pdf, p. 21', '1711.09883v2.pdf, p. 2']"
"What is the main AI-related objective of Wide & Deep Learning for Recommender Systems Heng-Tze Cheng, Levent Koc, Jeremiah?",1606.07792v1.pdf,"['1708.05031v2.pdf', '45530.pdf', '1606.07792v1.pdf', '1606.07792v1.pdf', '1606.07792v1.pdf']",389.31,0,1,1,"['1708.05031v2.pdf, p. 10', '45530.pdf, p. 2', '1606.07792v1.pdf, p. 3', '1606.07792v1.pdf, p. 1', '1606.07792v1.pdf, p. 1']"
What is the main AI-related objective of SEMI-SUPERVISED CLASSIFICATION WITH GRAPH CONVOLUTIONAL NETWORKS Thomas N. Kipf?,1609.02907v4.pdf,"['1609.02907v4.pdf', '1609.02907v4.pdf', '1609.02907v4.pdf', '1812.08434v6.pdf', '1812.08434v6.pdf']",374.46,1,1,1,"['1609.02907v4.pdf, p. 1', '1609.02907v4.pdf, p. 1', '1609.02907v4.pdf, p. 9', '1812.08434v6.pdf, p. 24', '1812.08434v6.pdf, p. 22']"
What is the main AI-related objective of Neural Collaborative Filtering Xiangnan He National University of?,1708.05031v2.pdf,"['1708.05031v2.pdf', 'Recommender-Systems-[Netflix].pdf', 'Complexity - 2021 - Zhai - A Review of Artificial Intelligence  AI  in Education from 2010 to 2020.pdf', '1708.05031v2.pdf', 'AD1099286.pdf']",302.41,1,1,1,"['1708.05031v2.pdf, p. 1', 'Recommender-Systems-[Netflix].pdf, p. 8', 'Complexity - 2021 - Zhai - A Review of Artificial Intelligence  AI  in Education from 2010 to 2020.pdf, p. 13', '1708.05031v2.pdf, p. 1', 'AD1099286.pdf, p. 20']"
What is the main AI-related objective of Deep Reinforcement Learning for Conversational AI Mahipal Jadeja DA-IICT?,1709.05067v1.pdf,"['1709.05067v1.pdf', '1709.05067v1.pdf', '1709.05067v1.pdf', '1709.05067v1.pdf', '1709.05067v1.pdf']",380.82,1,1,1,"['1709.05067v1.pdf, p. 1', '1709.05067v1.pdf, p. 1', '1709.05067v1.pdf, p. 1', '1709.05067v1.pdf, p. 4', '1709.05067v1.pdf, p. 3']"
What is the main AI-related objective of GRAPH ATTENTION NETWORKS Petar Velickovi c Department of Computer Science and?,1710.10903v3.pdf,"['1710.10903v3.pdf', '1710.10903v3.pdf', '1710.10903v3.pdf', 's44163-022-00022-8.pdf', '1812.08434v6.pdf']",377.23,1,1,1,"['1710.10903v3.pdf, p. 1', '1710.10903v3.pdf, p. 9', '1710.10903v3.pdf, p. 4', 's44163-022-00022-8.pdf, p. 2', '1812.08434v6.pdf, p. 15']"
What is the main AI-related objective of AI Safety Gridworlds Jan Leike DeepMind?,1711.09883v2.pdf,"['1711.09883v2.pdf', '1606.06565v2.pdf', 'AD1099286.pdf', '1711.09883v2.pdf', '1606.06565v2.pdf']",356.33,1,1,1,"['1711.09883v2.pdf, p. 1', '1606.06565v2.pdf, p. 21', 'AD1099286.pdf, p. 20', '1711.09883v2.pdf, p. 2', '1606.06565v2.pdf, p. 1']"
What is the main AI-related objective of Efficient Neural Architecture Search via Parameter Sharing Hieu Pham * 1 2 Melody Y.?,1802.03268v2.pdf,"['1802.03268v2.pdf', '1806.09055v2.pdf', '1802.03268v2.pdf', '1908.00709v6.pdf', '1908.00709v6.pdf']",618.48,1,1,1,"['1802.03268v2.pdf, p. 1', '1806.09055v2.pdf, p. 11', '1802.03268v2.pdf, p. 6', '1908.00709v6.pdf, p. 1', '1908.00709v6.pdf, p. 7']"
What is the main AI-related objective of Horovod: fast and easy distributed deep learning in TensorFlow Alexander Sergeev?,1802.05799v3.pdf,"['1802.05799v3.pdf', '1802.05799v3.pdf', '1802.05799v3.pdf', '1802.05799v3.pdf', '1802.05799v3.pdf']",453.42,1,1,1,"['1802.05799v3.pdf, p. 1', '1802.05799v3.pdf, p. 7', '1802.05799v3.pdf, p. 1', '1802.05799v3.pdf, p. 1', '1802.05799v3.pdf, p. 1']"
What is the main AI-related objective of Future of Humanity Institute?,1802.07228v2.pdf,"['Informe-AI-Now.pdf', '1802.07228v2.pdf', '1802.07228v2.pdf', 'Artificial Intelligence (AI) Ethics_ Ethics of AI and Ethical AI.pdf', '1802.07228v2.pdf']",336.99,0,1,1,"['Informe-AI-Now.pdf, p. 3', '1802.07228v2.pdf, p. 2', '1802.07228v2.pdf, p. 2', 'Artificial Intelligence (AI) Ethics_ Ethics of AI and Ethical AI.pdf, p. 6', '1802.07228v2.pdf, p. 76']"
What is the main AI-related objective of DARTS: DIFFERENTIABLE ARCHITECTURE SEARCH Hanxiao Liu?,1806.09055v2.pdf,"['1908.00709v6.pdf', '1806.09055v2.pdf', '1806.09055v2.pdf', '1806.09055v2.pdf', '1908.00709v6.pdf']",380.74,0,1,1,"['1908.00709v6.pdf, p. 13', '1806.09055v2.pdf, p. 1', '1806.09055v2.pdf, p. 1', '1806.09055v2.pdf, p. 2', '1908.00709v6.pdf, p. 9']"
"What is the main AI-related objective of Learning Dexterous In-Hand Manipulation OpenAI, Marcin Andrychowicz, Bowen Baker,?",1808.00177v5.pdf,"['1808.00177v5.pdf', '1808.00177v5.pdf', '1808.00177v5.pdf', '1808.00177v5.pdf', '1808.00177v5.pdf']",397.87,1,1,1,"['1808.00177v5.pdf, p. 14', '1808.00177v5.pdf, p. 1', '1808.00177v5.pdf, p. 14', '1808.00177v5.pdf, p. 17', '1808.00177v5.pdf, p. 16']"
"What is the main AI-related objective of Graph neural networks: A review of methods and applications Jie Zhou a,1, Ganqu Cui?",1812.08434v6.pdf,"['1812.08434v6.pdf', '1812.08434v6.pdf', '1812.08434v6.pdf', '1812.08434v6.pdf', '1812.08434v6.pdf']",512.25,1,1,1,"['1812.08434v6.pdf, p. 1', '1812.08434v6.pdf, p. 19', '1812.08434v6.pdf, p. 15', '1812.08434v6.pdf, p. 19', '1812.08434v6.pdf, p. 1']"
What is the main AI-related objective of Sensitivity analysis beyond linearity Manuele Leonelli School of Mathematics and?,1901.02062v1.pdf,"['1606.06565v2.pdf', '1901.02062v1.pdf', 's44163-022-00022-8.pdf', '1711.09883v2.pdf', '978-3-030-69978-9_4.pdf']",349.15,0,1,1,"['1606.06565v2.pdf, p. 25', '1901.02062v1.pdf, p. 1', 's44163-022-00022-8.pdf, p. 13', '1711.09883v2.pdf, p. 15', '978-3-030-69978-9_4.pdf, p. 2']"
What is the main AI-related objective of GANFIT: Generative Adversarial Network Fitting for High Fidelity 3D Face?,1902.05978v2.pdf,"['1902.05978v2.pdf', '1902.05978v2.pdf', '1902.05978v2.pdf', '1902.05978v2.pdf', '1902.05978v2.pdf']",339.4,1,1,1,"['1902.05978v2.pdf, p. 1', '1902.05978v2.pdf, p. 1', '1902.05978v2.pdf, p. 2', '1902.05978v2.pdf, p. 1', '1902.05978v2.pdf, p. 4']"
What is the main AI-related objective of RoBERTa: A Robustly Optimized BERT Pretraining Approach Yinhan Liu Myle Ott?,1907.11692v1.pdf,"['NeurIPS-2020-language-models-are-few-shot-learners-Paper.pdf', '1907.11692v1.pdf', '2303.18223v19.pdf', '2303.18223v19 (1).pdf', '20-074.pdf']",350.94,0,1,1,"['NeurIPS-2020-language-models-are-few-shot-learners-Paper.pdf, p. 22', '1907.11692v1.pdf, p. 1', '2303.18223v19.pdf, p. 101', '2303.18223v19 (1).pdf, p. 101', '20-074.pdf, p. 63']"
"What is the main AI-related objective of AutoML: A Survey of the State-of-the-Art Xin He, Kaiyong Zhao, Xiaowen Chu?",1908.00709v6.pdf,"['1908.00709v6.pdf', '1908.00709v6.pdf', '1908.00709v6.pdf', '1908.00709v6.pdf', '1908.00709v6.pdf']",391.42,1,1,1,"['1908.00709v6.pdf, p. 1', '1908.00709v6.pdf, p. 2', '1908.00709v6.pdf, p. 1', '1908.00709v6.pdf, p. 1', '1908.00709v6.pdf, p. 26']"
"What is the main AI-related objective of Federated Learning: Challenges, Methods, and Future Directions Tian Li?",1908.07873v1.pdf,"['1908.07873v1.pdf', '1908.07873v1.pdf', '1911.06270v2.pdf', '1908.07873v1.pdf', '1911.06270v2.pdf']",303.99,1,1,1,"['1908.07873v1.pdf, p. 1', '1908.07873v1.pdf, p. 4', '1911.06270v2.pdf, p. 3', '1908.07873v1.pdf, p. 13', '1911.06270v2.pdf, p. 12']"
"What is the main AI-related objective of A Survey on Bias and Fairness in Machine Learning NINAREH MEHRABI, FRED MORSTATTER,?",1908.09635v3.pdf,"['1908.09635v3.pdf', '1908.09635v3.pdf', '1908.09635v3.pdf', 'Informe-AI-Now.pdf', '1908.09635v3.pdf']",409.3,1,1,1,"['1908.09635v3.pdf, p. 1', '1908.09635v3.pdf, p. 1', '1908.09635v3.pdf, p. 31', 'Informe-AI-Now.pdf, p. 24', '1908.09635v3.pdf, p. 3']"
What is the main AI-related objective of ALBERT: A LITE BERT FOR SELF-SUPERVISED LEARNING OF LANGUAGE REPRESENTATIONS?,1909.11942v6.pdf,"['NeurIPS-2020-language-models-are-few-shot-learners-Paper.pdf', '1909.11942v6.pdf', '1909.11942v6.pdf', '20-074.pdf', '1909.11942v6.pdf']",532.78,0,1,1,"['NeurIPS-2020-language-models-are-few-shot-learners-Paper.pdf, p. 22', '1909.11942v6.pdf, p. 1', '1909.11942v6.pdf, p. 10', '20-074.pdf, p. 62', '1909.11942v6.pdf, p. 1']"
What is the main AI-related objective of A Survey of Deep Learning Techniques for Autonomous Driving Sorin Grigorescu?,1910.07738v2.pdf,"['1910.07738v2.pdf', '1910.07738v2.pdf', '1910.07738v2.pdf', '1910.07738v2.pdf', '1910.07738v2.pdf']",472.86,1,1,1,"['1910.07738v2.pdf, p. 3', '1910.07738v2.pdf, p. 1', '1910.07738v2.pdf, p. 1', '1910.07738v2.pdf, p. 20', '1910.07738v2.pdf, p. 3']"
"What is the main AI-related objective of Explainable Artificial Intelligence (XAI): Concepts, Taxonomies, Opportunities and?",1910.10045v2.pdf,"['1910.10045v2.pdf', '1910.10045v2.pdf', '1910.10045v2.pdf', '1910.10045v2.pdf', '1910.10045v2.pdf']",383.76,1,1,1,"['1910.10045v2.pdf, p. 6', '1910.10045v2.pdf, p. 1', '1910.10045v2.pdf, p. 2', '1910.10045v2.pdf, p. 47', '1910.10045v2.pdf, p. 47']"
What is the main AI-related objective of Noname manuscript No. (will be inserted by the editor) Federated Learning for?,1911.06270v2.pdf,"['1908.07873v1.pdf', '1911.06270v2.pdf', 'Complexity - 2021 - Zhai - A Review of Artificial Intelligence  AI  in Education from 2010 to 2020.pdf', 'Complexity - 2021 - Zhai - A Review of Artificial Intelligence  AI  in Education from 2010 to 2020.pdf', 'Complexity - 2021 - Zhai - A Review of Artificial Intelligence  AI  in Education from 2010 to 2020.pdf']",471.55,0,1,1,"['1908.07873v1.pdf, p. 4', '1911.06270v2.pdf, p. 1', 'Complexity - 2021 - Zhai - A Review of Artificial Intelligence  AI  in Education from 2010 to 2020.pdf, p. 12', 'Complexity - 2021 - Zhai - A Review of Artificial Intelligence  AI  in Education from 2010 to 2020.pdf, p. 1', 'Complexity - 2021 - Zhai - A Review of Artificial Intelligence  AI  in Education from 2010 to 2020.pdf, p. 2']"
What is the main AI-related objective of Exploring the Limits of Transfer Learning with a Unified Text-to-Text Transformer?,20-074.pdf,"['1909.11942v6.pdf', '2310.01352v4.pdf', '20-074.pdf', '2303.08774v6.pdf', '20-074.pdf']",377.77,0,1,1,"['1909.11942v6.pdf, p. 13', '2310.01352v4.pdf, p. 15', '20-074.pdf, p. 1', '2303.08774v6.pdf, p. 18', '20-074.pdf, p. 3']"
What is the main AI-related objective of River: machine learning for streaming data in Python Jacob Montiel?,20-1380.pdf,"['20-1380.pdf', '20-1380.pdf', '20-1380.pdf', '20-1380.pdf', '20-1380.pdf']",420.4,1,1,1,"['20-1380.pdf, p. 1', '20-1380.pdf, p. 3', '20-1380.pdf, p. 1', '20-1380.pdf, p. 2', '20-1380.pdf, p. 4']"
What is the main AI-related objective of Compiled using MNRAS LATEX style file v3.0 Channels for streaming instability in?,2001.02692v1.pdf,"['1802.07228v2.pdf', '2204.14198v2.pdf', 'osdi18-moritz.pdf', 'osdi18-moritz.pdf', '15-237.pdf']",383.13,0,0,0,"['1802.07228v2.pdf, p. 20', '2204.14198v2.pdf, p. 39', 'osdi18-moritz.pdf, p. 15', 'osdi18-moritz.pdf, p. 14', '15-237.pdf, p. 7']"
What is the main AI-related objective of Dual-track Music Generation using Deep Learning Sudi Lyu School of Computer Science?,2005.04353v1.pdf,"['2005.04353v1.pdf', '2005.04353v1.pdf', '2005.04353v1.pdf', '2005.04353v1.pdf', '2005.04353v1.pdf']",391.32,1,1,1,"['2005.04353v1.pdf, p. 1', '2005.04353v1.pdf, p. 8', '2005.04353v1.pdf, p. 2', '2005.04353v1.pdf, p. 1', '2005.04353v1.pdf, p. 2']"
What is the main AI-related objective of Classification of particle trajectories in living cells: machine learning versus?,2005.06239v2.pdf,"['2005.06239v2.pdf', '2005.06239v2.pdf', '2005.06239v2.pdf', '2005.06239v2.pdf', '2005.06239v2.pdf']",337.7,1,1,1,"['2005.06239v2.pdf, p. 1', '2005.06239v2.pdf, p. 3', '2005.06239v2.pdf, p. 1', '2005.06239v2.pdf, p. 4', '2005.06239v2.pdf, p. 6']"
"What is the main AI-related objective of Retrieval-Augmented Generation for Knowledge-Intensive NLP Tasks Patrick Lewis,?",2005.11401v4.pdf,"['2005.11401v4.pdf', '2310.11511v1.pdf', '2210.03629v3.pdf', '2303.18223v19.pdf', '2303.18223v19 (1).pdf']",364.6,1,1,1,"['2005.11401v4.pdf, p. 1', '2310.11511v1.pdf, p. 12', '2210.03629v3.pdf, p. 11', '2303.18223v19.pdf, p. 128', '2303.18223v19 (1).pdf, p. 128']"
What is the main AI-related objective of Denoising Diffusion Probabilistic Models Jonathan Ho UC Berkeley?,2006.11239v2.pdf,"['2006.11239v2.pdf', '2006.11239v2.pdf', '2205.11487v1.pdf', '2006.11239v2.pdf', '2112.10752v2.pdf']",353.43,1,1,1,"['2006.11239v2.pdf, p. 3', '2006.11239v2.pdf, p. 1', '2205.11487v1.pdf, p. 4', '2006.11239v2.pdf, p. 5', '2112.10752v2.pdf, p. 16']"
What is the main AI-related objective of High-Resolution Image Synthesis with Latent Diffusion Models Robin Rombach1 *?,2112.10752v2.pdf,"['2112.10752v2.pdf', '2112.10752v2.pdf', '2205.11487v1.pdf', '2112.10752v2.pdf', '2112.10752v2.pdf']",364.44,1,1,1,"['2112.10752v2.pdf, p. 1', '2112.10752v2.pdf, p. 1', '2205.11487v1.pdf, p. 14', '2112.10752v2.pdf, p. 10', '2112.10752v2.pdf, p. 2']"
What is the main AI-related objective of Chain-of-Thought Prompting Elicits Reasoning in Large Language Models Jason Wei?,2201.11903v6.pdf,"['2201.11903v6.pdf', '2201.11903v6.pdf', '2201.11903v6.pdf', '2201.11903v6.pdf', '2201.11903v6.pdf']",410.26,1,1,1,"['2201.11903v6.pdf, p. 1', '2201.11903v6.pdf, p. 9', '2201.11903v6.pdf, p. 9', '2201.11903v6.pdf, p. 9', '2201.11903v6.pdf, p. 3']"
What is the main AI-related objective of Training language models to follow instructions with human feedback Long Ouyang?,2203.02155v1.pdf,"['2203.02155v1.pdf', '2310.11511v1.pdf', '2303.08774v6.pdf', '2303.08774v6.pdf', '2310.01352v4.pdf']",458.95,1,1,1,"['2203.02155v1.pdf, p. 1', '2310.11511v1.pdf, p. 14', '2303.08774v6.pdf, p. 71', '2303.08774v6.pdf, p. 37', '2310.01352v4.pdf, p. 15']"
"What is the main AI-related objective of Training Compute-Optimal Large Language Models Jordan Hoffmann, Sebastian Borgeaud,?",2203.15556v1.pdf,"['2203.15556v1.pdf', '2303.08774v6.pdf', '2302.13971v1.pdf', '1802.03268v2.pdf', '2306.01116v1.pdf']",340.91,1,1,1,"['2203.15556v1.pdf, p. 1', '2303.08774v6.pdf, p. 18', '2302.13971v1.pdf, p. 13', '1802.03268v2.pdf, p. 10', '2306.01116v1.pdf, p. 12']"
What is the main AI-related objective of PaLM: Scaling Language Modeling with Pathways Aakanksha Chowdhery Sharan Narang?,2204.02311v5 (1).pdf,"['2204.02311v5.pdf', '2204.02311v5 (1).pdf', '2302.13971v1.pdf', '2310.01352v4.pdf', '2204.02311v5.pdf']",369.75,0,1,1,"['2204.02311v5.pdf, p. 1', '2204.02311v5 (1).pdf, p. 1', '2302.13971v1.pdf, p. 12', '2310.01352v4.pdf, p. 11', '2204.02311v5.pdf, p. 64']"
What is the main AI-related objective of PaLM: Scaling Language Modeling with Pathways Aakanksha Chowdhery Sharan Narang?,2204.02311v5.pdf,"['2204.02311v5.pdf', '2204.02311v5 (1).pdf', '2302.13971v1.pdf', '2310.01352v4.pdf', '2204.02311v5.pdf']",374.02,1,1,1,"['2204.02311v5.pdf, p. 1', '2204.02311v5 (1).pdf, p. 1', '2302.13971v1.pdf, p. 12', '2310.01352v4.pdf, p. 11', '2204.02311v5.pdf, p. 64']"
What is the main AI-related objective of Hierarchical Text-Conditional Image Generation with CLIP Latents Aditya Ramesh?,2204.06125v1.pdf,"['2204.06125v1.pdf', '2205.11487v1.pdf', '2204.06125v1.pdf', '2204.06125v1.pdf', '2204.06125v1.pdf']",323.62,1,1,1,"['2204.06125v1.pdf, p. 1', '2205.11487v1.pdf, p. 13', '2204.06125v1.pdf, p. 16', '2204.06125v1.pdf, p. 16', '2204.06125v1.pdf, p. 15']"
"What is the main AI-related objective of Flamingo: a Visual Language Model for Few-Shot Learning Jean-Baptiste Alayrac*,?",2204.14198v2.pdf,"['2204.14198v2.pdf', '2305.05665v2.pdf', '2204.14198v2.pdf', '2204.14198v2.pdf', '2204.14198v2.pdf']",380.93,1,1,1,"['2204.14198v2.pdf, p. 1', '2305.05665v2.pdf, p. 9', '2204.14198v2.pdf, p. 4', '2204.14198v2.pdf, p. 7', '2204.14198v2.pdf, p. 42']"
What is the main AI-related objective of Photorealistic Text-to-Image Diffusion Models with Deep Language Understanding?,2205.11487v1.pdf,"['2205.11487v1.pdf', '2205.11487v1.pdf', '2205.11487v1.pdf', '2205.11487v1.pdf', '2205.11487v1.pdf']",320.53,1,1,1,"['2205.11487v1.pdf, p. 1', '2205.11487v1.pdf, p. 1', '2205.11487v1.pdf, p. 9', '2205.11487v1.pdf, p. 3', '2205.11487v1.pdf, p. 1']"
What is the main AI-related objective of IEEE TRANSACTIONS ON NETWORK SCIENCE AND ENGINEERING Is Multi-Modal Necessarily?,2206.08788v1.pdf,"['Artificial Intelligence (AI) Ethics_ Ethics of AI and Ethical AI.pdf', '2206.08788v1.pdf', '2206.08788v1.pdf', '1802.07228v2.pdf', '1802.07228v2.pdf']",394.52,0,1,1,"['Artificial Intelligence (AI) Ethics_ Ethics of AI and Ethical AI.pdf, p. 6', '2206.08788v1.pdf, p. 1', '2206.08788v1.pdf, p. 10', '1802.07228v2.pdf, p. 91', '1802.07228v2.pdf, p. 56']"
"What is the main AI-related objective of Ered: Enhanced Text Representations with Entities and Descriptions Qinghua Zhao1,?",2208.08954v1.pdf,"['2208.08954v1.pdf', '2208.08954v1.pdf', '2005.11401v4.pdf', '2208.08954v1.pdf', '2208.08954v1.pdf']",357.94,1,1,1,"['2208.08954v1.pdf, p. 1', '2208.08954v1.pdf, p. 2', '2005.11401v4.pdf, p. 15', '2208.08954v1.pdf, p. 8', '2208.08954v1.pdf, p. 8']"
"What is the main AI-related objective of REACT: SYNERGIZING REASONING AND ACTING IN LANGUAGE MODELS Shunyu Yao*,1, Jeffrey?",2210.03629v3.pdf,"['2210.03629v3.pdf', '2302.04761v1.pdf', '2210.03629v3.pdf', '2302.04761v1.pdf', '2303.18223v19 (1).pdf']",373.6,1,1,1,"['2210.03629v3.pdf, p. 1', '2302.04761v1.pdf, p. 14', '2210.03629v3.pdf, p. 1', '2302.04761v1.pdf, p. 14', '2303.18223v19 (1).pdf, p. 140']"
What is the main AI-related objective of Abstract-to-Executable Trajectory Translation for One-Shot Task Generalization Stone?,2210.07658v2.pdf,"['2210.07658v2.pdf', '2210.07658v2.pdf', '2210.07658v2.pdf', '2210.07658v2.pdf', '2210.07658v2.pdf']",309.97,1,1,1,"['2210.07658v2.pdf, p. 2', '2210.07658v2.pdf, p. 33', '2210.07658v2.pdf, p. 18', '2210.07658v2.pdf, p. 21', '2210.07658v2.pdf, p. 4']"
"What is the main AI-related objective of Constitutional AI: Harmlessness from AI Feedback Yuntao Bai, Saurav Kadavath,?",2212.08073v1.pdf,"['2212.08073v1.pdf', '2212.08073v1.pdf', '2212.08073v1.pdf', '2212.08073v1.pdf', '2212.08073v1.pdf']",375.78,1,1,1,"['2212.08073v1.pdf, p. 1', '2212.08073v1.pdf, p. 2', '2212.08073v1.pdf, p. 16', '2212.08073v1.pdf, p. 5', '2212.08073v1.pdf, p. 10']"
What is the main AI-related objective of BLIP-2: Bootstrapping Language-Image Pre-training with Frozen Image Encoders and?,2301.12597v3.pdf,"['2301.12597v3.pdf', '2301.12597v3.pdf', '2301.12597v3.pdf', '2301.12597v3.pdf', '2301.12597v3.pdf']",381.44,1,1,1,"['2301.12597v3.pdf, p. 4', '2301.12597v3.pdf, p. 1', '2301.12597v3.pdf, p. 2', '2301.12597v3.pdf, p. 13', '2301.12597v3.pdf, p. 6']"
What is the main AI-related objective of Toolformer: Language Models Can Teach Themselves to Use Tools Timo Schick Jane?,2302.04761v1.pdf,"['2302.04761v1.pdf', '2302.04761v1.pdf', 'article-p35.pdf', '2303.18223v19 (1).pdf', '2303.18223v19.pdf']",493.67,1,1,1,"['2302.04761v1.pdf, p. 1', '2302.04761v1.pdf, p. 10', 'article-p35.pdf, p. 4', '2303.18223v19 (1).pdf, p. 62', '2303.18223v19.pdf, p. 62']"
"What is the main AI-related objective of LLaMA: Open and Efficient Foundation Language Models Hugo Touvron, Thibaut Lavril,?",2302.13971v1.pdf,"['2306.05685v4.pdf', '2303.18223v19 (1).pdf', '2303.18223v19.pdf', '2310.06825v1.pdf', '2309.12288v4.pdf']",455.85,0,0,0,"['2306.05685v4.pdf, p. 12', '2303.18223v19 (1).pdf, p. 12', '2303.18223v19.pdf, p. 12', '2310.06825v1.pdf, p. 9', '2309.12288v4.pdf, p. 13']"
What is the main AI-related objective of GPT-4 Technical Report OpenAI?,2303.08774v6.pdf,"['2303.08774v6.pdf', '2303.08774v6.pdf', '2303.08774v6.pdf', '2303.08774v6.pdf', '2303.08774v6.pdf']",264.58,1,1,1,"['2303.08774v6.pdf, p. 59', '2303.08774v6.pdf, p. 1', '2303.08774v6.pdf, p. 2', '2303.08774v6.pdf, p. 2', '2303.08774v6.pdf, p. 1']"
"What is the main AI-related objective of A Survey of Large Language Models Wayne Xin Zhao, Kun Zhou*, Junyi Li*, Tianyi Tang,?",2303.18223v19 (1).pdf,"['2303.18223v19.pdf', '2303.18223v19 (1).pdf', '2303.18223v19 (1).pdf', '2303.18223v19.pdf', '2303.18223v19.pdf']",441.96,0,1,1,"['2303.18223v19.pdf, p. 1', '2303.18223v19 (1).pdf, p. 1', '2303.18223v19 (1).pdf, p. 121', '2303.18223v19.pdf, p. 121', '2303.18223v19.pdf, p. 128']"
"What is the main AI-related objective of A Survey of Large Language Models Wayne Xin Zhao, Kun Zhou*, Junyi Li*, Tianyi Tang,?",2303.18223v19.pdf,"['2303.18223v19.pdf', '2303.18223v19 (1).pdf', '2303.18223v19 (1).pdf', '2303.18223v19.pdf', '2303.18223v19.pdf']",417.76,1,1,1,"['2303.18223v19.pdf, p. 1', '2303.18223v19 (1).pdf, p. 1', '2303.18223v19 (1).pdf, p. 121', '2303.18223v19.pdf, p. 121', '2303.18223v19.pdf, p. 128']"
What is the main AI-related objective of IMAGEBIND: One Embedding Space To Bind Them All Rohit Girdhar Alaaeldin El-Nouby?,2305.05665v2.pdf,"['2305.05665v2.pdf', '2305.05665v2.pdf', '2305.05665v2.pdf', '2305.05665v2.pdf', '2305.05665v2.pdf']",375.8,1,1,1,"['2305.05665v2.pdf, p. 1', '2305.05665v2.pdf, p. 6', '2305.05665v2.pdf, p. 1', '2305.05665v2.pdf, p. 2', '2305.05665v2.pdf, p. 15']"
What is the main AI-related objective of Tree of Thoughts: Deliberate Problem Solving with Large Language Models Shunyu Yao?,2305.10601v2.pdf,"['2305.10601v2.pdf', '2305.10601v2.pdf', '2305.10601v2.pdf', '2305.10601v2.pdf', '2305.10601v2.pdf']",345.62,1,1,1,"['2305.10601v2.pdf, p. 1', '2305.10601v2.pdf, p. 3', '2305.10601v2.pdf, p. 2', '2305.10601v2.pdf, p. 2', '2305.10601v2.pdf, p. 9']"
"What is the main AI-related objective of The RefinedWeb Dataset for Falcon LLM: Outperforming Curated Corpora with Web Data,?",2306.01116v1.pdf,"['2306.01116v1.pdf', '2303.18223v19.pdf', '2303.18223v19 (1).pdf', '2306.01116v1.pdf', '2306.01116v1.pdf']",380.38,1,1,1,"['2306.01116v1.pdf, p. 1', '2303.18223v19.pdf, p. 108', '2303.18223v19 (1).pdf, p. 108', '2306.01116v1.pdf, p. 17', '2306.01116v1.pdf, p. 7']"
What is the main AI-related objective of Judging LLM-as-a-Judge with MT-Bench and Chatbot Arena Lianmin Zheng1?,2306.05685v4.pdf,"['2306.05685v4.pdf', '2306.05685v4.pdf', '2306.05685v4.pdf', '2306.05685v4.pdf', '2303.18223v19 (1).pdf']",310.57,1,1,1,"['2306.05685v4.pdf, p. 1', '2306.05685v4.pdf, p. 7', '2306.05685v4.pdf, p. 4', '2306.05685v4.pdf, p. 4', '2303.18223v19 (1).pdf, p. 65']"
What is the main AI-related objective of Lost in the Middle: How Language Models Use Long Contexts Nelson F. Liu1 Kevin Lin2?,2307.03172v3.pdf,"['2303.18223v19 (1).pdf', '2303.18223v19.pdf', '2307.03172v3.pdf', '2309.12288v4.pdf', '2307.03172v3.pdf']",402.52,0,1,1,"['2303.18223v19 (1).pdf, p. 118', '2303.18223v19.pdf, p. 118', '2307.03172v3.pdf, p. 1', '2309.12288v4.pdf, p. 13', '2307.03172v3.pdf, p. 12']"
What is the main AI-related objective of https://robotics-transformer2.github.io 2023-8-1 RT-2: Vision-Language-Action Models?,2307.15818v1.pdf,"['2307.15818v1.pdf', '2307.15818v1.pdf', '2307.15818v1.pdf', '2307.15818v1.pdf', '2307.15818v1.pdf']",256.08,1,1,1,"['2307.15818v1.pdf, p. 1', '2307.15818v1.pdf, p. 7', '2307.15818v1.pdf, p. 2', '2307.15818v1.pdf, p. 12', '2307.15818v1.pdf, p. 14']"
"What is the main AI-related objective of THE REVERSAL CURSE: LLMS TRAINED ON ""A IS B"" FAIL TO LEARN ""B IS A"" Lukas Berglund?",2309.12288v4.pdf,"['2309.12288v4.pdf', '2309.12288v4.pdf', '2309.12288v4.pdf', '2309.12288v4.pdf', '2309.12288v4.pdf']",437.91,1,1,1,"['2309.12288v4.pdf, p. 1', '2309.12288v4.pdf, p. 2', '2309.12288v4.pdf, p. 2', '2309.12288v4.pdf, p. 2', '2309.12288v4.pdf, p. 8']"
What is the main AI-related objective of RA-DIT: RETRIEVAL-AUGMENTED DUAL INSTRUCTION TUNING Xi Victoria Lin?,2310.01352v4.pdf,"['2310.01352v4.pdf', '2310.01352v4.pdf', '2310.11511v1.pdf', '2310.01352v4.pdf', '2310.01352v4.pdf']",307.17,1,1,1,"['2310.01352v4.pdf, p. 1', '2310.01352v4.pdf, p. 2', '2310.11511v1.pdf, p. 12', '2310.01352v4.pdf, p. 9', '2310.01352v4.pdf, p. 9']"
"What is the main AI-related objective of Mistral 7B Albert Q. Jiang, Alexandre Sablayrolles, Arthur Mensch, Chris Bamford,?",2310.06825v1.pdf,"['s44163-022-00022-8.pdf', '1910.10045v2.pdf', '2310.06825v1.pdf', '1606.06565v2.pdf', '9780203802878_previewpdf.pdf']",393.31,0,1,1,"['s44163-022-00022-8.pdf, p. 3', '1910.10045v2.pdf, p. 37', '2310.06825v1.pdf, p. 1', '1606.06565v2.pdf, p. 25', '9780203802878_previewpdf.pdf, p. 6']"
"What is the main AI-related objective of SELF-RAG: LEARNING TO RETRIEVE, GENERATE, AND CRITIQUE THROUGH SELF-REFLECTION Akari?",2310.11511v1.pdf,"['2310.11511v1.pdf', '2310.11511v1.pdf', '2310.11511v1.pdf', '2310.11511v1.pdf', '2310.11511v1.pdf']",415.64,1,1,1,"['2310.11511v1.pdf, p. 10', '2310.11511v1.pdf, p. 3', '2310.11511v1.pdf, p. 1', '2310.11511v1.pdf, p. 1', '2310.11511v1.pdf, p. 3']"
"What is the main AI-related objective of COMPUTATIONAL CONSIDERATIONS FOR THE LINEAR MODEL OF COREGIONALIZATION Renaud Alie,?",2402.08877v2.pdf,"['1910.10045v2.pdf', '1606.06565v2.pdf', '2402.08877v2.pdf', 'nature20230927_AI_and_science.pdf', 'article-p35.pdf']",353.89,0,1,1,"['1910.10045v2.pdf, p. 1', '1606.06565v2.pdf, p. 25', '2402.08877v2.pdf, p. 1', 'nature20230927_AI_and_science.pdf, p. 1', 'article-p35.pdf, p. 1']"
What is the main AI-related objective of XGBoost: A Scalable Tree Boosting System Tianqi Chen University of Washington?,2939672.2939785.pdf,"['2939672.2939785.pdf', '2939672.2939785.pdf', '2939672.2939785.pdf', '2939672.2939785.pdf', '2939672.2939785.pdf']",324.14,1,1,1,"['2939672.2939785.pdf, p. 1', '2939672.2939785.pdf, p. 1', '2939672.2939785.pdf, p. 1', '2939672.2939785.pdf, p. 1', '2939672.2939785.pdf, p. 7']"
"What is the main AI-related objective of MillWheel: Fault-Tolerant Stream Processing at Internet Scale Tyler Akidau, Alex?",41378.pdf,"['41378.pdf', 'p1792-Akidau.pdf', 'p1792-Akidau.pdf', '41378.pdf', '41378.pdf']",336.42,1,1,1,"['41378.pdf, p. 1', 'p1792-Akidau.pdf, p. 12', 'p1792-Akidau.pdf, p. 12', '41378.pdf, p. 1', '41378.pdf, p. 1']"
"What is the main AI-related objective of Deep Neural Networks for YouTube Recommendations Paul Covington, Jay Adams, Emre?",45530.pdf,"['45530.pdf', '45530.pdf', '45530.pdf', '45530.pdf', '45530.pdf']",346.07,1,1,1,"['45530.pdf, p. 1', '45530.pdf, p. 7', '45530.pdf, p. 1', '45530.pdf, p. 2', '45530.pdf, p. 2']"
What is the main AI-related objective of Cumulated Gain-Based Evaluation of IR Techniques KALERVO J ARVELIN and JAANA KEK?,582415.582418.pdf,"['nature20230927_AI_and_science.pdf', '582415.582418.pdf', '582415.582418.pdf', '582415.582418.pdf', '582415.582418.pdf']",373.0,0,1,1,"['nature20230927_AI_and_science.pdf, p. 1', '582415.582418.pdf, p. 18', '582415.582418.pdf, p. 1', '582415.582418.pdf, p. 3', '582415.582418.pdf, p. 4']"
What is the main AI-related objective of Chapter 4 Ethical Issues of AI Abstract This chapter discusses the ethical issues?,978-3-030-69978-9_4.pdf,"['978-3-030-69978-9_4.pdf', '978-3-030-69978-9_4.pdf', '978-3-030-69978-9_4.pdf', 'Artificial Intelligence (AI) Ethics_ Ethics of AI and Ethical AI.pdf', '978-3-030-69978-9_4.pdf']",384.78,1,1,1,"['978-3-030-69978-9_4.pdf, p. 5', '978-3-030-69978-9_4.pdf, p. 1', '978-3-030-69978-9_4.pdf, p. 3', 'Artificial Intelligence (AI) Ethics_ Ethics of AI and Ethical AI.pdf, p. 2', '978-3-030-69978-9_4.pdf, p. 1']"
What is the main AI-related objective of Kevin Warwick Artificial Intelligence?,9780203802878_previewpdf.pdf,"['9780203802878_previewpdf.pdf', '1910.10045v2.pdf', 's44163-022-00022-8.pdf', '9780203802878_previewpdf.pdf', '1910.10045v2.pdf']",243.74,1,1,1,"['9780203802878_previewpdf.pdf, p. 2', '1910.10045v2.pdf, p. 37', 's44163-022-00022-8.pdf, p. 1', '9780203802878_previewpdf.pdf, p. 18', '1910.10045v2.pdf, p. 1']"
"What is the main AI-related objective of Understanding AI Technology A concise, practical, and readable overview of?",AD1099286.pdf,"['AD1099286.pdf', '9780203802878_previewpdf.pdf', 'AD1099286.pdf', '9780203802878_previewpdf.pdf', 'AD1099286.pdf']",333.34,1,1,1,"['AD1099286.pdf, p. 5', '9780203802878_previewpdf.pdf, p. 21', 'AD1099286.pdf, p. 1', '9780203802878_previewpdf.pdf, p. 22', 'AD1099286.pdf, p. 5']"
"What is the main AI-related objective of The Basic AI Drives Stephen M. OMOHUNDRO Self-Aware Systems, Palo Alto, California?",ai_drives_final.pdf,"['ai_drives_final.pdf', 'ai_drives_final.pdf', 's44163-022-00022-8.pdf', 's44163-022-00022-8.pdf', '1910.10045v2.pdf']",384.76,1,1,1,"['ai_drives_final.pdf, p. 1', 'ai_drives_final.pdf, p. 2', 's44163-022-00022-8.pdf, p. 3', 's44163-022-00022-8.pdf, p. 1', '1910.10045v2.pdf, p. 2']"
What is the main AI-related objective of ADVANCES IN RISK ASSESSMENT Basics of Artificial Intelligence (AI) Modeling Rodney?,article-p35.pdf,"['article-p35.pdf', '978-3-030-69978-9_4.pdf', 's44163-022-00022-8.pdf', '9780203802878_previewpdf.pdf', '1606.06565v2.pdf']",344.24,1,1,1,"['article-p35.pdf, p. 1', '978-3-030-69978-9_4.pdf, p. 2', 's44163-022-00022-8.pdf, p. 13', '9780203802878_previewpdf.pdf, p. 2', '1606.06565v2.pdf, p. 1']"
What is the main AI-related objective of Missouri University of Science and Technology Missouri University of Science and?,Artificial Intelligence (AI) Ethics_ Ethics of AI and Ethical AI.pdf,"['Artificial Intelligence (AI) Ethics_ Ethics of AI and Ethical AI.pdf', 'Informe-AI-Now.pdf', 'Informe-AI-Now.pdf', 'Complexity - 2021 - Zhai - A Review of Artificial Intelligence  AI  in Education from 2010 to 2020.pdf', 'Artificial Intelligence (AI) Ethics_ Ethics of AI and Ethical AI.pdf']",332.16,1,1,1,"['Artificial Intelligence (AI) Ethics_ Ethics of AI and Ethical AI.pdf, p. 1', 'Informe-AI-Now.pdf, p. 3', 'Informe-AI-Now.pdf, p. 6', 'Complexity - 2021 - Zhai - A Review of Artificial Intelligence  AI  in Education from 2010 to 2020.pdf, p. 2', 'Artificial Intelligence (AI) Ethics_ Ethics of AI and Ethical AI.pdf, p. 15']"
"What is the main AI-related objective of Random Forests LEO BREIMAN Statistics Department, University of California,?",A_1010933404324.pdf,"['A_1010933404324.pdf', 'A_1010933404324.pdf', 'A_1010933404324.pdf', 'A_1010933404324.pdf', 'A_1010933404324.pdf']",312.52,1,1,1,"['A_1010933404324.pdf, p. 1', 'A_1010933404324.pdf, p. 3', 'A_1010933404324.pdf, p. 25', 'A_1010933404324.pdf, p. 1', 'A_1010933404324.pdf, p. 25']"
What is the main AI-related objective of Random Search for Hyper-Parameter Optimization James Bergstra?,bergstra12a.pdf,"['bergstra12a.pdf', 'bergstra12a.pdf', 'bergstra12a.pdf', 'bergstra12a.pdf', 'bergstra12a.pdf']",285.43,1,1,1,"['bergstra12a.pdf, p. 1', 'bergstra12a.pdf, p. 21', 'bergstra12a.pdf, p. 1', 'bergstra12a.pdf, p. 19', 'bergstra12a.pdf, p. 4']"
What is the main AI-related objective of REVIEW ARTICLE British Journal of Dermatology What is AI? Applications of artificial?,bjd0423.pdf,"['bjd0423.pdf', 'bjd0423.pdf', 'bjd0423.pdf', 'bjd0423.pdf', 'bjd0423.pdf']",552.44,1,1,1,"['bjd0423.pdf, p. 5', 'bjd0423.pdf, p. 8', 'bjd0423.pdf, p. 3', 'bjd0423.pdf, p. 7', 'bjd0423.pdf, p. 6']"
What is the main AI-related objective of Computer Networks and ISDN?,Brin98Anatomy.pdf,"['s44163-022-00022-8.pdf', 's44163-022-00022-8.pdf', '1802.07228v2.pdf', 'AD1099286.pdf', '2204.14198v2.pdf']",305.82,0,0,0,"['s44163-022-00022-8.pdf, p. 2', 's44163-022-00022-8.pdf, p. 12', '1802.07228v2.pdf, p. 56', 'AD1099286.pdf, p. 5', '2204.14198v2.pdf, p. 39']"
What is the main AI-related objective of Review Article A Review of Artificial Intelligence (AI) in Education from 2010 to?,Complexity - 2021 - Zhai - A Review of Artificial Intelligence AI in Education from 2010 to 2020.pdf,"['Complexity - 2021 - Zhai - A Review of Artificial Intelligence  AI  in Education from 2010 to 2020.pdf', 'Complexity - 2021 - Zhai - A Review of Artificial Intelligence  AI  in Education from 2010 to 2020.pdf', 'Complexity - 2021 - Zhai - A Review of Artificial Intelligence  AI  in Education from 2010 to 2020.pdf', 'Complexity - 2021 - Zhai - A Review of Artificial Intelligence  AI  in Education from 2010 to 2020.pdf', 'Complexity - 2021 - Zhai - A Review of Artificial Intelligence  AI  in Education from 2010 to 2020.pdf']",418.91,0,0,0,"['Complexity - 2021 - Zhai - A Review of Artificial Intelligence  AI  in Education from 2010 to 2020.pdf, p. 2', 'Complexity - 2021 - Zhai - A Review of Artificial Intelligence  AI  in Education from 2010 to 2020.pdf, p. 14', 'Complexity - 2021 - Zhai - A Review of Artificial Intelligence  AI  in Education from 2010 to 2020.pdf, p. 2', 'Complexity - 2021 - Zhai - A Review of Artificial Intelligence  AI  in Education from 2010 to 2020.pdf, p. 13', 'Complexity - 2021 - Zhai - A Review of Artificial Intelligence  AI  in Education from 2010 to 2020.pdf, p. 1']"
What is the main AI-related objective of Challenges Real-Time Musliner?,CS-TR-3290.pdf,"['CS-TR-3290.pdf', 'CS-TR-3290.pdf', 's44163-022-00022-8.pdf', 'CS-TR-3290.pdf', '1908.07873v1.pdf']",231.16,1,1,1,"['CS-TR-3290.pdf, p. 4', 'CS-TR-3290.pdf, p. 6', 's44163-022-00022-8.pdf, p. 12', 'CS-TR-3290.pdf, p. 9', '1908.07873v1.pdf, p. 3']"
"What is the main AI-related objective of GloVe: Global Vectors for Word Representation Jeffrey Pennington, Richard Socher,?",D14-1162.pdf,"['D14-1162.pdf', '1909.11942v6.pdf', 'D14-1162.pdf', '20-074.pdf', 'D14-1162.pdf']",358.4,1,1,1,"['D14-1162.pdf, p. 1', '1909.11942v6.pdf, p. 13', 'D14-1162.pdf, p. 8', '20-074.pdf, p. 64', 'D14-1162.pdf, p. 2']"
"What is the main AI-related objective of Meredith Whittaker , AI Now Institute, New York University, Google Open Research?",Informe-AI-Now.pdf,"['Informe-AI-Now.pdf', 'Informe-AI-Now.pdf', 'Artificial Intelligence (AI) Ethics_ Ethics of AI and Ethical AI.pdf', 'Complexity - 2021 - Zhai - A Review of Artificial Intelligence  AI  in Education from 2010 to 2020.pdf', 'Informe-AI-Now.pdf']",362.91,1,1,1,"['Informe-AI-Now.pdf, p. 1', 'Informe-AI-Now.pdf, p. 3', 'Artificial Intelligence (AI) Ethics_ Ethics of AI and Ethical AI.pdf, p. 6', 'Complexity - 2021 - Zhai - A Review of Artificial Intelligence  AI  in Education from 2010 to 2020.pdf, p. 2', 'Informe-AI-Now.pdf, p. 62']"
What is the main AI-related objective of Batch Normalization: Accelerating Deep Network Training by Reducing Internal?,ioffe15.pdf,"['ioffe15.pdf', 'ioffe15.pdf', 'ioffe15.pdf', 'ioffe15.pdf', '1511.06434v2.pdf']",359.39,1,1,1,"['ioffe15.pdf, p. 1', 'ioffe15.pdf, p. 2', 'ioffe15.pdf, p. 5', 'ioffe15.pdf, p. 8', '1511.06434v2.pdf, p. 12']"
What is the main AI-related objective of Online edition (c) 2009 Cambridge UP Introduction?,irbookonlinereading.pdf,"['Complexity - 2021 - Zhai - A Review of Artificial Intelligence  AI  in Education from 2010 to 2020.pdf', '9780203802878_previewpdf.pdf', 'irbookonlinereading.pdf', 'irbookonlinereading.pdf', 'irbookonlinereading.pdf']",300.4,0,1,1,"['Complexity - 2021 - Zhai - A Review of Artificial Intelligence  AI  in Education from 2010 to 2020.pdf, p. 2', '9780203802878_previewpdf.pdf, p. 10', 'irbookonlinereading.pdf, p. 30', 'irbookonlinereading.pdf, p. 356', 'irbookonlinereading.pdf, p. 106']"
What is the main AI-related objective of Kafka: a Distributed Messaging System for Log Processing Jay Kreps LinkedIn Corp.?,Kafka.pdf,"['1802.07228v2.pdf', 'irbookonlinereading.pdf', '1708.05031v2.pdf', '1708.05031v2.pdf', 'irbookonlinereading.pdf']",334.59,0,0,0,"['1802.07228v2.pdf, p. 46', 'irbookonlinereading.pdf, p. 485', '1708.05031v2.pdf, p. 7', '1708.05031v2.pdf, p. 7', 'irbookonlinereading.pdf, p. 207']"
What is the main AI-related objective of MapReduce: Simplified Data Processing on Large Clusters Jeffrey Dean and Sanjay?,mapreduce-osdi04.pdf,"['mapreduce-osdi04.pdf', 'mapreduce-osdi04.pdf', 'mapreduce-osdi04.pdf', 'mapreduce-osdi04.pdf', 'Zaharia.pdf']",360.09,1,1,1,"['mapreduce-osdi04.pdf, p. 1', 'mapreduce-osdi04.pdf, p. 1', 'mapreduce-osdi04.pdf, p. 1', 'mapreduce-osdi04.pdf, p. 12', 'Zaharia.pdf, p. 1']"
What is the main AI-related objective of From RankNet to LambdaRank to LambdaMART: An Overview Christopher J.C. Burges?,MSR-TR-2010-82 (1).pdf,"['MSR-TR-2010-82 (1).pdf', 'MSR-TR-2010-82.pdf', 'MSR-TR-2010-82 (1).pdf', 'MSR-TR-2010-82.pdf', 'MSR-TR-2010-82 (1).pdf']",364.06,1,1,1,"['MSR-TR-2010-82 (1).pdf, p. 1', 'MSR-TR-2010-82.pdf, p. 1', 'MSR-TR-2010-82 (1).pdf, p. 7', 'MSR-TR-2010-82.pdf, p. 7', 'MSR-TR-2010-82 (1).pdf, p. 11']"
What is the main AI-related objective of From RankNet to LambdaRank to LambdaMART: An Overview Christopher J.C. Burges?,MSR-TR-2010-82.pdf,"['MSR-TR-2010-82 (1).pdf', 'MSR-TR-2010-82.pdf', 'MSR-TR-2010-82 (1).pdf', 'MSR-TR-2010-82.pdf', 'MSR-TR-2010-82 (1).pdf']",353.01,0,1,1,"['MSR-TR-2010-82 (1).pdf, p. 1', 'MSR-TR-2010-82.pdf, p. 1', 'MSR-TR-2010-82 (1).pdf, p. 7', 'MSR-TR-2010-82.pdf, p. 7', 'MSR-TR-2010-82 (1).pdf, p. 11']"
What is the main AI-related objective of BERT: Pre-training of Deep Bidirectional Transformers for Language Understanding?,N19-1423.pdf,"['N19-1423.pdf', 'N19-1423.pdf', 'N19-1423.pdf', '2303.08774v6.pdf', '2204.02311v5.pdf']",310.64,1,1,1,"['N19-1423.pdf, p. 1', 'N19-1423.pdf, p. 1', 'N19-1423.pdf, p. 2', '2303.08774v6.pdf, p. 18', '2204.02311v5.pdf, p. 53']"
"What is the main AI-related objective of AI AND SCIENCE: WHAT 1,600 RESEARCHERS THINK?",nature20230927_AI_and_science.pdf,"['nature20230927_AI_and_science.pdf', 'nature20230927_AI_and_science.pdf', 'nature20230927_AI_and_science.pdf', 'Informe-AI-Now.pdf', 'nature20230927_AI_and_science.pdf']",290.31,1,1,1,"['nature20230927_AI_and_science.pdf, p. 1', 'nature20230927_AI_and_science.pdf, p. 2', 'nature20230927_AI_and_science.pdf, p. 3', 'Informe-AI-Now.pdf, p. 6', 'nature20230927_AI_and_science.pdf, p. 4']"
What is the main AI-related objective of Language Models are Few-Shot Learners Tom B. Brown Benjamin Mann?,NeurIPS-2020-language-models-are-few-shot-learners-Paper.pdf,"['NeurIPS-2020-language-models-are-few-shot-learners-Paper.pdf', '2302.04761v1.pdf', '2210.03629v3.pdf', 'NeurIPS-2020-language-models-are-few-shot-learners-Paper.pdf', '2307.15818v1.pdf']",353.81,1,1,1,"['NeurIPS-2020-language-models-are-few-shot-learners-Paper.pdf, p. 1', '2302.04761v1.pdf, p. 11', '2210.03629v3.pdf, p. 10', 'NeurIPS-2020-language-models-are-few-shot-learners-Paper.pdf, p. 3', '2307.15818v1.pdf, p. 13']"
What is the main AI-related objective of ImageNet Classification with Deep Convolutional Neural Networks Alex Krizhevsky?,NIPS-2012-imagenet-classification-with-deep-convolutional-neural-networks-Paper.pdf,"['NIPS-2012-imagenet-classification-with-deep-convolutional-neural-networks-Paper.pdf', '2210.07658v2.pdf', '1908.00709v6.pdf', 'bjd0423.pdf', 'NIPS-2012-imagenet-classification-with-deep-convolutional-neural-networks-Paper.pdf']",386.19,1,1,1,"['NIPS-2012-imagenet-classification-with-deep-convolutional-neural-networks-Paper.pdf, p. 1', '2210.07658v2.pdf, p. 10', '1908.00709v6.pdf, p. 26', 'bjd0423.pdf, p. 3', 'NIPS-2012-imagenet-classification-with-deep-convolutional-neural-networks-Paper.pdf, p. 2']"
What is the main AI-related objective of On Triangular versus Edge Representations - Towards Scalable Modeling of Networks?,NIPS-2012-on-triangular-versus-edge-representations-towards-scalable-modeling-of-networks-Paper.pdf,"['NIPS-2012-on-triangular-versus-edge-representations-towards-scalable-modeling-of-networks-Paper.pdf', 'NIPS-2012-on-triangular-versus-edge-representations-towards-scalable-modeling-of-networks-Paper.pdf', 'NIPS-2012-on-triangular-versus-edge-representations-towards-scalable-modeling-of-networks-Paper.pdf', 'NIPS-2012-on-triangular-versus-edge-representations-towards-scalable-modeling-of-networks-Paper.pdf', 'NIPS-2012-on-triangular-versus-edge-representations-towards-scalable-modeling-of-networks-Paper.pdf']",370.17,1,1,1,"['NIPS-2012-on-triangular-versus-edge-representations-towards-scalable-modeling-of-networks-Paper.pdf, p. 1', 'NIPS-2012-on-triangular-versus-edge-representations-towards-scalable-modeling-of-networks-Paper.pdf, p. 8', 'NIPS-2012-on-triangular-versus-edge-representations-towards-scalable-modeling-of-networks-Paper.pdf, p. 2', 'NIPS-2012-on-triangular-versus-edge-representations-towards-scalable-modeling-of-networks-Paper.pdf, p. 1', 'NIPS-2012-on-triangular-versus-edge-representations-towards-scalable-modeling-of-networks-Paper.pdf, p. 2']"
What is the main AI-related objective of Faster R-CNN: Towards Real-Time Object Detection with Region Proposal Networks?,NIPS-2015-faster-r-cnn-towards-real-time-object-detection-with-region-proposal-networks-Paper.pdf,"['NIPS-2015-faster-r-cnn-towards-real-time-object-detection-with-region-proposal-networks-Paper.pdf', 'NIPS-2015-faster-r-cnn-towards-real-time-object-detection-with-region-proposal-networks-Paper.pdf', 'NIPS-2015-faster-r-cnn-towards-real-time-object-detection-with-region-proposal-networks-Paper.pdf', 'NIPS-2015-faster-r-cnn-towards-real-time-object-detection-with-region-proposal-networks-Paper.pdf', 'Redmon_You_Only_Look_CVPR_2016_paper.pdf']",355.21,1,1,1,"['NIPS-2015-faster-r-cnn-towards-real-time-object-detection-with-region-proposal-networks-Paper.pdf, p. 1', 'NIPS-2015-faster-r-cnn-towards-real-time-object-detection-with-region-proposal-networks-Paper.pdf, p. 8', 'NIPS-2015-faster-r-cnn-towards-real-time-object-detection-with-region-proposal-networks-Paper.pdf, p. 1', 'NIPS-2015-faster-r-cnn-towards-real-time-object-detection-with-region-proposal-networks-Paper.pdf, p. 2', 'Redmon_You_Only_Look_CVPR_2016_paper.pdf, p. 9']"
What is the main AI-related objective of Attention Is All You Need Ashish Vaswani Google Brain?,NIPS-2017-attention-is-all-you-need-Paper.pdf,"['2005.11401v4.pdf', 'NIPS-2017-attention-is-all-you-need-Paper.pdf', 's44163-022-00022-8.pdf', '9780203802878_previewpdf.pdf', '2204.14198v2.pdf']",309.43,0,1,1,"['2005.11401v4.pdf, p. 15', 'NIPS-2017-attention-is-all-you-need-Paper.pdf, p. 1', 's44163-022-00022-8.pdf, p. 8', '9780203802878_previewpdf.pdf, p. 19', '2204.14198v2.pdf, p. 39']"
"What is the main AI-related objective of Foundations and Trends R Machine Learning Vol. 4, No. 2 (2011) 107-194?",OLsurvey.pdf,"['s44163-022-00022-8.pdf', 'OLsurvey.pdf', 's44163-022-00022-8.pdf', 'OLsurvey.pdf', 'AD1099286.pdf']",362.7,0,1,1,"['s44163-022-00022-8.pdf, p. 2', 'OLsurvey.pdf, p. 3', 's44163-022-00022-8.pdf, p. 4', 'OLsurvey.pdf, p. 1', 'AD1099286.pdf, p. 20']"
What is the main AI-related objective of 12th USENIX Symposium on Operating Systems Design and Implementation (OSDI '16).?,osdi16-abadi.pdf,"['osdi18-moritz.pdf', 'osdi16-abadi.pdf', 'osdi16-abadi.pdf', 'osdi16-abadi.pdf', 'osdi18-moritz.pdf']",361.82,0,1,1,"['osdi18-moritz.pdf, p. 1', 'osdi16-abadi.pdf, p. 1', 'osdi16-abadi.pdf, p. 16', 'osdi16-abadi.pdf, p. 15', 'osdi18-moritz.pdf, p. 15']"
What is the main AI-related objective of 13th USENIX Symposium on Operating Systems Design and Implementation (OSDI '18).?,osdi18-moritz.pdf,"['osdi18-moritz.pdf', 'osdi16-abadi.pdf', 'osdi18-moritz.pdf', 'osdi18-moritz.pdf', 'osdi18-moritz.pdf']",412.95,1,1,1,"['osdi18-moritz.pdf, p. 1', 'osdi16-abadi.pdf, p. 1', 'osdi18-moritz.pdf, p. 15', 'osdi18-moritz.pdf, p. 3', 'osdi18-moritz.pdf, p. 8']"
"What is the main AI-related objective of The Dataflow Model: A Practical Approach to Balancing Correctness, Latency, and Cost?",p1792-Akidau.pdf,"['p1792-Akidau.pdf', 'osdi16-abadi.pdf', '41378.pdf', 'osdi16-abadi.pdf', 'p1792-Akidau.pdf']",431.76,1,1,1,"['p1792-Akidau.pdf, p. 1', 'osdi16-abadi.pdf, p. 15', '41378.pdf, p. 1', 'osdi16-abadi.pdf, p. 2', 'p1792-Akidau.pdf, p. 11']"
What is the main AI-related objective of computer COVER FEATURE Published by the IEEE Computer Society?,Recommender-Systems-[Netflix].pdf,"['Artificial Intelligence (AI) Ethics_ Ethics of AI and Ethical AI.pdf', 'Recommender-Systems-[Netflix].pdf', '1802.07228v2.pdf', '1910.10045v2.pdf', 'Informe-AI-Now.pdf']",348.2,0,1,1,"['Artificial Intelligence (AI) Ethics_ Ethics of AI and Ethical AI.pdf, p. 6', 'Recommender-Systems-[Netflix].pdf, p. 1', '1802.07228v2.pdf, p. 56', '1910.10045v2.pdf, p. 36', 'Informe-AI-Now.pdf, p. 38']"
"What is the main AI-related objective of You Only Look Once: Unified, Real-Time Object Detection Joseph Redmon, Santosh?",Redmon_You_Only_Look_CVPR_2016_paper.pdf,"['Redmon_You_Only_Look_CVPR_2016_paper.pdf', 's44163-022-00022-8.pdf', 'article-p35.pdf', 'AD1099286.pdf', 'Redmon_You_Only_Look_CVPR_2016_paper.pdf']",332.62,1,1,1,"['Redmon_You_Only_Look_CVPR_2016_paper.pdf, p. 1', 's44163-022-00022-8.pdf, p. 2', 'article-p35.pdf, p. 4', 'AD1099286.pdf, p. 10', 'Redmon_You_Only_Look_CVPR_2016_paper.pdf, p. 1']"
What is the main AI-related objective of REVIEW ARTICLE OPEN Mobile health strategies for blood pressure self-management in?,s41746-021-00486-5.pdf,"['s41746-021-00486-5.pdf', 's41746-021-00486-5.pdf', 's41746-021-00486-5.pdf', 's41746-021-00486-5.pdf', 's41746-021-00486-5.pdf']",357.7,1,1,1,"['s41746-021-00486-5.pdf, p. 1', 's41746-021-00486-5.pdf, p. 8', 's41746-021-00486-5.pdf, p. 2', 's41746-021-00486-5.pdf, p. 1', 's41746-021-00486-5.pdf, p. 2']"
What is the main AI-related objective of Discover Artificial Intelligence Review Quo vadis artificial intelligence??,s44163-022-00022-8.pdf,"['s44163-022-00022-8.pdf', 's44163-022-00022-8.pdf', 'nature20230927_AI_and_science.pdf', '9780203802878_previewpdf.pdf', 's44163-022-00022-8.pdf']",302.88,1,1,1,"['s44163-022-00022-8.pdf, p. 1', 's44163-022-00022-8.pdf, p. 3', 'nature20230927_AI_and_science.pdf, p. 1', '9780203802878_previewpdf.pdf, p. 21', 's44163-022-00022-8.pdf, p. 2']"
What is the main AI-related objective of Dropout: A Simple Way to Prevent Neural Networks from Overfitting Nitish Srivastava?,srivastava14a.pdf,"['srivastava14a.pdf', 'srivastava14a.pdf', 'srivastava14a.pdf', 'NIPS-2017-attention-is-all-you-need-Paper.pdf', '1710.10903v3.pdf']",400.9,1,1,1,"['srivastava14a.pdf, p. 1', 'srivastava14a.pdf, p. 23', 'srivastava14a.pdf, p. 24', 'NIPS-2017-attention-is-all-you-need-Paper.pdf, p. 11', '1710.10903v3.pdf, p. 12']"
"What is the main AI-related objective of Spark: Cluster Computing with Working Sets Matei Zaharia, Mosharaf Chowdhury,?",Zaharia.pdf,"['Zaharia.pdf', 'Zaharia.pdf', '15-237.pdf', 'Zaharia.pdf', 'Zaharia.pdf']",462.65,1,1,1,"['Zaharia.pdf, p. 1', 'Zaharia.pdf, p. 1', '15-237.pdf, p. 2', 'Zaharia.pdf, p. 5', 'Zaharia.pdf, p. 4']"
What result or improvement is reported for the AI method in Efficient Estimation of Word Representations in Vector Space Tomas Mikolov?,1301.3781v3.pdf,"['1301.3781v3.pdf', 'D14-1162.pdf', '1301.3781v3.pdf', '20-074.pdf', '1301.3781v3.pdf']",464.34,1,1,1,"['1301.3781v3.pdf, p. 1', 'D14-1162.pdf, p. 11', '1301.3781v3.pdf, p. 2', '20-074.pdf, p. 63', '1301.3781v3.pdf, p. 10']"
What AI method or model is discussed in Playing Atari with Deep Reinforcement Learning Volodymyr Mnih Koray Kavukcuoglu?,1312.5602v1.pdf,"['1312.5602v1.pdf', '1709.05067v1.pdf', '1312.5602v1.pdf', '1709.05067v1.pdf', '1312.5602v1.pdf']",368.47,1,1,1,"['1312.5602v1.pdf, p. 1', '1709.05067v1.pdf, p. 1', '1312.5602v1.pdf, p. 4', '1709.05067v1.pdf, p. 2', '1312.5602v1.pdf, p. 4']"
What data or input is used by the AI method in ADAM: A METHOD FOR STOCHASTIC OPTIMIZATION Diederik P. Kingma* University of?,1412.6980v9.pdf,"['1412.6980v9.pdf', '1412.6980v9.pdf', '1412.6980v9.pdf', '1412.6980v9.pdf', '1412.6980v9.pdf']",424.59,1,1,1,"['1412.6980v9.pdf, p. 1', '1412.6980v9.pdf, p. 1', '1412.6980v9.pdf, p. 10', '1412.6980v9.pdf, p. 10', '1412.6980v9.pdf, p. 1']"
How is Spark relevant to the AI topic in MLlib: Machine Learning in Apache Spark Xiangrui Meng?,15-237.pdf,"['15-237.pdf', '15-237.pdf', '15-237.pdf', '15-237.pdf', '15-237.pdf']",352.26,1,1,1,"['15-237.pdf, p. 3', '15-237.pdf, p. 2', '15-237.pdf, p. 3', '15-237.pdf, p. 7', '15-237.pdf, p. 5']"
How is attention relevant to the AI topic in UNSUPERVISED REPRESENTATION LEARNING WITH DEEP CONVOLUTIONAL GENERATIVE ADVERSARIAL?,1511.06434v2.pdf,"['1511.06434v2.pdf', '2112.10752v2.pdf', '1910.10045v2.pdf', '1511.06434v2.pdf', '2112.10752v2.pdf']",449.29,1,1,1,"['1511.06434v2.pdf, p. 1', '2112.10752v2.pdf, p. 9', '1910.10045v2.pdf, p. 25', '1511.06434v2.pdf, p. 1', '2112.10752v2.pdf, p. 7']"
"What AI method or model is discussed in ""Why Should I Trust You?"" Explaining the Predictions of Any Classifier Marco Tulio?",1602.04938v3.pdf,"['1602.04938v3.pdf', '1602.04938v3.pdf', '1602.04938v3.pdf', '1910.10045v2.pdf', '1602.04938v3.pdf']",412.79,1,1,1,"['1602.04938v3.pdf, p. 1', '1602.04938v3.pdf, p. 1', '1602.04938v3.pdf, p. 2', '1910.10045v2.pdf, p. 48', '1602.04938v3.pdf, p. 10']"
What AI method or model is discussed in Communication-Efficient Learning of Deep Networks from Decentralized Data H. Brendan?,1602.05629v4.pdf,"['1602.05629v4.pdf', '1908.07873v1.pdf', '1602.05629v4.pdf', '1910.10045v2.pdf', '1602.05629v4.pdf']",352.91,1,1,1,"['1602.05629v4.pdf, p. 1', '1908.07873v1.pdf, p. 6', '1602.05629v4.pdf, p. 2', '1910.10045v2.pdf, p. 71', '1602.05629v4.pdf, p. 1']"
What result or improvement is reported for the AI method in Efficient and robust approximate nearest neighbor search using?,1603.09320v4.pdf,"['1603.09320v4.pdf', '1603.09320v4.pdf', '1603.09320v4.pdf', '1603.09320v4.pdf', '1603.09320v4.pdf']",352.06,1,1,1,"['1603.09320v4.pdf, p. 12', '1603.09320v4.pdf, p. 1', '1603.09320v4.pdf, p. 12', '1603.09320v4.pdf, p. 11', '1603.09320v4.pdf, p. 12']"
What data or input is used by the AI method in End to End Learning for Self-Driving Cars Mariusz Bojarski NVIDIA Corporation?,1604.07316v1.pdf,"['1604.07316v1.pdf', '1910.07738v2.pdf', '1910.07738v2.pdf', '1910.07738v2.pdf', '1910.07738v2.pdf']",410.76,1,1,1,"['1604.07316v1.pdf, p. 1', '1910.07738v2.pdf, p. 3', '1910.07738v2.pdf, p. 3', '1910.07738v2.pdf, p. 11', '1910.07738v2.pdf, p. 26']"
How is machine learning relevant to the AI topic in Concrete Problems in AI Safety Dario Amodei Google Brain?,1606.06565v2.pdf,"['1606.06565v2.pdf', '1606.06565v2.pdf', '1606.06565v2.pdf', '1606.06565v2.pdf', '1606.06565v2.pdf']",349.07,1,1,1,"['1606.06565v2.pdf, p. 1', '1606.06565v2.pdf, p. 2', '1606.06565v2.pdf, p. 2', '1606.06565v2.pdf, p. 20', '1606.06565v2.pdf, p. 21']"
"What AI method or model is discussed in Wide & Deep Learning for Recommender Systems Heng-Tze Cheng, Levent Koc, Jeremiah?",1606.07792v1.pdf,"['1708.05031v2.pdf', '45530.pdf', '1606.07792v1.pdf', '1606.07792v1.pdf', '1606.07792v1.pdf']",365.82,0,1,1,"['1708.05031v2.pdf, p. 10', '45530.pdf, p. 2', '1606.07792v1.pdf, p. 1', '1606.07792v1.pdf, p. 1', '1606.07792v1.pdf, p. 4']"
What AI method or model is discussed in SEMI-SUPERVISED CLASSIFICATION WITH GRAPH CONVOLUTIONAL NETWORKS Thomas N. Kipf?,1609.02907v4.pdf,"['1609.02907v4.pdf', '1609.02907v4.pdf', '1609.02907v4.pdf', '1609.02907v4.pdf', '1812.08434v6.pdf']",305.13,1,1,1,"['1609.02907v4.pdf, p. 1', '1609.02907v4.pdf, p. 1', '1609.02907v4.pdf, p. 9', '1609.02907v4.pdf, p. 1', '1812.08434v6.pdf, p. 24']"
What AI method or model is discussed in Neural Collaborative Filtering Xiangnan He National University of?,1708.05031v2.pdf,"['1708.05031v2.pdf', '1708.05031v2.pdf', '45530.pdf', '1708.05031v2.pdf', 'Recommender-Systems-[Netflix].pdf']",422.08,1,1,1,"['1708.05031v2.pdf, p. 1', '1708.05031v2.pdf, p. 2', '45530.pdf, p. 2', '1708.05031v2.pdf, p. 1', 'Recommender-Systems-[Netflix].pdf, p. 8']"
How is Currently relevant to the AI topic in Deep Reinforcement Learning for Conversational AI Mahipal Jadeja DA-IICT?,1709.05067v1.pdf,"['1709.05067v1.pdf', '1709.05067v1.pdf', '1709.05067v1.pdf', '1709.05067v1.pdf', '1709.05067v1.pdf']",407.13,1,1,1,"['1709.05067v1.pdf, p. 1', '1709.05067v1.pdf, p. 1', '1709.05067v1.pdf, p. 1', '1709.05067v1.pdf, p. 4', '1709.05067v1.pdf, p. 3']"
What AI method or model is discussed in GRAPH ATTENTION NETWORKS Petar Velickovi c Department of Computer Science and?,1710.10903v3.pdf,"['1710.10903v3.pdf', '1710.10903v3.pdf', '1710.10903v3.pdf', '1812.08434v6.pdf', '1710.10903v3.pdf']",339.57,1,1,1,"['1710.10903v3.pdf, p. 1', '1710.10903v3.pdf, p. 4', '1710.10903v3.pdf, p. 9', '1812.08434v6.pdf, p. 6', '1710.10903v3.pdf, p. 9']"
What result or improvement is reported for the AI method in AI Safety Gridworlds Jan Leike DeepMind?,1711.09883v2.pdf,"['1711.09883v2.pdf', 'AD1099286.pdf', '1711.09883v2.pdf', '1711.09883v2.pdf', '1711.09883v2.pdf']",305.83,1,1,1,"['1711.09883v2.pdf, p. 1', 'AD1099286.pdf, p. 20', '1711.09883v2.pdf, p. 1', '1711.09883v2.pdf, p. 1', '1711.09883v2.pdf, p. 16']"
What AI method or model is discussed in Efficient Neural Architecture Search via Parameter Sharing Hieu Pham * 1 2 Melody Y.?,1802.03268v2.pdf,"['1802.03268v2.pdf', '1806.09055v2.pdf', '1908.00709v6.pdf', '1908.00709v6.pdf', '1802.03268v2.pdf']",399.48,1,1,1,"['1802.03268v2.pdf, p. 1', '1806.09055v2.pdf, p. 11', '1908.00709v6.pdf, p. 7', '1908.00709v6.pdf, p. 1', '1802.03268v2.pdf, p. 6']"
How is Scaling relevant to the AI topic in Horovod: fast and easy distributed deep learning in TensorFlow Alexander Sergeev?,1802.05799v3.pdf,"['1802.05799v3.pdf', '1802.05799v3.pdf', '1802.05799v3.pdf', '1802.05799v3.pdf', '1802.05799v3.pdf']",367.85,1,1,1,"['1802.05799v3.pdf, p. 1', '1802.05799v3.pdf, p. 7', '1802.05799v3.pdf, p. 9', '1802.05799v3.pdf, p. 2', '1802.05799v3.pdf, p. 8']"
How is machine learning relevant to the AI topic in Future of Humanity Institute?,1802.07228v2.pdf,"['s44163-022-00022-8.pdf', '1606.06565v2.pdf', '1606.06565v2.pdf', '978-3-030-69978-9_4.pdf', 'AD1099286.pdf']",281.66,0,0,0,"['s44163-022-00022-8.pdf, p. 2', '1606.06565v2.pdf, p. 20', '1606.06565v2.pdf, p. 20', '978-3-030-69978-9_4.pdf, p. 14', 'AD1099286.pdf, p. 7']"
What AI method or model is discussed in DARTS: DIFFERENTIABLE ARCHITECTURE SEARCH Hanxiao Liu?,1806.09055v2.pdf,"['1806.09055v2.pdf', '1806.09055v2.pdf', '1806.09055v2.pdf', '1908.00709v6.pdf', '1806.09055v2.pdf']",280.69,1,1,1,"['1806.09055v2.pdf, p. 1', '1806.09055v2.pdf, p. 1', '1806.09055v2.pdf, p. 8', '1908.00709v6.pdf, p. 13', '1806.09055v2.pdf, p. 9']"
"How is the proposed AI method relevant to the AI topic in Learning Dexterous In-Hand Manipulation OpenAI, Marcin Andrychowicz, Bowen?",1808.00177v5.pdf,"['1808.00177v5.pdf', '1808.00177v5.pdf', '1808.00177v5.pdf', '1808.00177v5.pdf', '1808.00177v5.pdf']",373.97,1,1,1,"['1808.00177v5.pdf, p. 14', '1808.00177v5.pdf, p. 14', '1808.00177v5.pdf, p. 1', '1808.00177v5.pdf, p. 14', '1808.00177v5.pdf, p. 17']"
"What AI method or model is discussed in Graph neural networks: A review of methods and applications Jie Zhou a,1, Ganqu Cui?",1812.08434v6.pdf,"['1812.08434v6.pdf', '1812.08434v6.pdf', '1812.08434v6.pdf', '1812.08434v6.pdf', '1812.08434v6.pdf']",406.83,1,1,1,"['1812.08434v6.pdf, p. 1', '1812.08434v6.pdf, p. 19', '1812.08434v6.pdf, p. 1', '1812.08434v6.pdf, p. 19', '1812.08434v6.pdf, p. 8']"
What AI method or model is discussed in Sensitivity analysis beyond linearity Manuele Leonelli School of Mathematics and?,1901.02062v1.pdf,"['1901.02062v1.pdf', '1901.02062v1.pdf', '1901.02062v1.pdf', '1910.10045v2.pdf', '1910.10045v2.pdf']",314.93,1,1,1,"['1901.02062v1.pdf, p. 1', '1901.02062v1.pdf, p. 1', '1901.02062v1.pdf, p. 14', '1910.10045v2.pdf, p. 11', '1910.10045v2.pdf, p. 2']"
What AI method or model is discussed in GANFIT: Generative Adversarial Network Fitting for High Fidelity 3D Face?,1902.05978v2.pdf,"['1902.05978v2.pdf', '1902.05978v2.pdf', '1902.05978v2.pdf', '1902.05978v2.pdf', '1902.05978v2.pdf']",330.81,1,1,1,"['1902.05978v2.pdf, p. 1', '1902.05978v2.pdf, p. 1', '1902.05978v2.pdf, p. 4', '1902.05978v2.pdf, p. 2', '1902.05978v2.pdf, p. 1']"
What data or input is used by the AI method in RoBERTa: A Robustly Optimized BERT Pretraining Approach Yinhan Liu Myle Ott?,1907.11692v1.pdf,"['NeurIPS-2020-language-models-are-few-shot-learners-Paper.pdf', '2303.18223v19.pdf', '2303.18223v19 (1).pdf', 'N19-1423.pdf', '1907.11692v1.pdf']",383.16,0,0,1,"['NeurIPS-2020-language-models-are-few-shot-learners-Paper.pdf, p. 22', '2303.18223v19.pdf, p. 101', '2303.18223v19 (1).pdf, p. 101', 'N19-1423.pdf, p. 3', '1907.11692v1.pdf, p. 1']"
"How is However relevant to the AI topic in AutoML: A Survey of the State-of-the-Art Xin He, Kaiyong Zhao, Xiaowen Chu?",1908.00709v6.pdf,"['1908.00709v6.pdf', '1908.00709v6.pdf', '1908.00709v6.pdf', '1908.00709v6.pdf', '1910.10045v2.pdf']",404.73,1,1,1,"['1908.00709v6.pdf, p. 1', '1908.00709v6.pdf, p. 2', '1908.00709v6.pdf, p. 1', '1908.00709v6.pdf, p. 1', '1910.10045v2.pdf, p. 37']"
"What data or input is used by the AI method in Federated Learning: Challenges, Methods, and Future Directions Tian Li?",1908.07873v1.pdf,"['1908.07873v1.pdf', '1908.07873v1.pdf', '1908.07873v1.pdf', '1911.06270v2.pdf', '1911.06270v2.pdf']",555.47,1,1,1,"['1908.07873v1.pdf, p. 1', '1908.07873v1.pdf, p. 4', '1908.07873v1.pdf, p. 13', '1911.06270v2.pdf, p. 3', '1911.06270v2.pdf, p. 12']"
"How is the proposed AI method relevant to the AI topic in A Survey on Bias and Fairness in Machine Learning NINAREH MEHRABI, FRED?",1908.09635v3.pdf,"['1908.09635v3.pdf', '1908.09635v3.pdf', '1908.09635v3.pdf', '1908.09635v3.pdf', 'Informe-AI-Now.pdf']",495.64,1,1,1,"['1908.09635v3.pdf, p. 1', '1908.09635v3.pdf, p. 1', '1908.09635v3.pdf, p. 26', '1908.09635v3.pdf, p. 3', 'Informe-AI-Now.pdf, p. 24']"
What AI method or model is discussed in ALBERT: A LITE BERT FOR SELF-SUPERVISED LEARNING OF LANGUAGE REPRESENTATIONS?,1909.11942v6.pdf,"['NeurIPS-2020-language-models-are-few-shot-learners-Paper.pdf', '1909.11942v6.pdf', '1909.11942v6.pdf', '20-074.pdf', 'N19-1423.pdf']",394.26,0,1,1,"['NeurIPS-2020-language-models-are-few-shot-learners-Paper.pdf, p. 22', '1909.11942v6.pdf, p. 1', '1909.11942v6.pdf, p. 1', '20-074.pdf, p. 62', 'N19-1423.pdf, p. 1']"
How is deep learning relevant to the AI topic in A Survey of Deep Learning Techniques for Autonomous Driving Sorin Grigorescu?,1910.07738v2.pdf,"['1910.07738v2.pdf', '1910.07738v2.pdf', '1910.07738v2.pdf', '1910.07738v2.pdf', '1910.07738v2.pdf']",439.01,1,1,1,"['1910.07738v2.pdf, p. 3', '1910.07738v2.pdf, p. 1', '1910.07738v2.pdf, p. 1', '1910.07738v2.pdf, p. 21', '1910.07738v2.pdf, p. 20']"
"What AI method or model is discussed in Explainable Artificial Intelligence (XAI): Concepts, Taxonomies, Opportunities and?",1910.10045v2.pdf,"['1910.10045v2.pdf', '1910.10045v2.pdf', '1910.10045v2.pdf', '1910.10045v2.pdf', '1910.10045v2.pdf']",396.64,1,1,1,"['1910.10045v2.pdf, p. 6', '1910.10045v2.pdf, p. 2', '1910.10045v2.pdf, p. 1', '1910.10045v2.pdf, p. 47', '1910.10045v2.pdf, p. 1']"
What result or improvement is reported for the AI method in Noname manuscript No. (will be inserted by the editor) Federated Learning?,1911.06270v2.pdf,"['1908.07873v1.pdf', '1911.06270v2.pdf', 'Complexity - 2021 - Zhai - A Review of Artificial Intelligence  AI  in Education from 2010 to 2020.pdf', 'Complexity - 2021 - Zhai - A Review of Artificial Intelligence  AI  in Education from 2010 to 2020.pdf', 'Complexity - 2021 - Zhai - A Review of Artificial Intelligence  AI  in Education from 2010 to 2020.pdf']",429.09,0,1,1,"['1908.07873v1.pdf, p. 4', '1911.06270v2.pdf, p. 1', 'Complexity - 2021 - Zhai - A Review of Artificial Intelligence  AI  in Education from 2010 to 2020.pdf, p. 12', 'Complexity - 2021 - Zhai - A Review of Artificial Intelligence  AI  in Education from 2010 to 2020.pdf, p. 1', 'Complexity - 2021 - Zhai - A Review of Artificial Intelligence  AI  in Education from 2010 to 2020.pdf, p. 14']"
What AI method or model is discussed in Exploring the Limits of Transfer Learning with a Unified Text-to-Text Transformer?,20-074.pdf,"['1909.11942v6.pdf', '20-074.pdf', '2310.01352v4.pdf', '2303.08774v6.pdf', '20-074.pdf']",374.24,0,1,1,"['1909.11942v6.pdf, p. 13', '20-074.pdf, p. 1', '2310.01352v4.pdf, p. 15', '2303.08774v6.pdf, p. 18', '20-074.pdf, p. 3']"
What data or input is used by the AI method in River: machine learning for streaming data in Python Jacob Montiel?,20-1380.pdf,"['20-1380.pdf', '20-1380.pdf', '20-1380.pdf', '20-1380.pdf', '20-1380.pdf']",402.24,1,1,1,"['20-1380.pdf, p. 3', '20-1380.pdf, p. 1', '20-1380.pdf, p. 2', '20-1380.pdf, p. 1', '20-1380.pdf, p. 4']"
What AI method or model is discussed in Dual-track Music Generation using Deep Learning Sudi Lyu School of Computer Science?,2005.04353v1.pdf,"['2005.04353v1.pdf', '2005.04353v1.pdf', '2005.04353v1.pdf', '2005.04353v1.pdf', '2005.04353v1.pdf']",364.97,1,1,1,"['2005.04353v1.pdf, p. 1', '2005.04353v1.pdf, p. 2', '2005.04353v1.pdf, p. 2', '2005.04353v1.pdf, p. 2', '2005.04353v1.pdf, p. 8']"
What data or input is used by the AI method in Classification of particle trajectories in living cells: machine learning versus?,2005.06239v2.pdf,"['2005.06239v2.pdf', '2005.06239v2.pdf', '2005.06239v2.pdf', '2005.06239v2.pdf', '2005.06239v2.pdf']",384.22,1,1,1,"['2005.06239v2.pdf, p. 1', '2005.06239v2.pdf, p. 1', '2005.06239v2.pdf, p. 4', '2005.06239v2.pdf, p. 3', '2005.06239v2.pdf, p. 11']"
What result or improvement is reported for the AI method in Retrieval-Augmented Generation for Knowledge-Intensive NLP Tasks Patrick?,2005.11401v4.pdf,"['2005.11401v4.pdf', '2303.18223v19.pdf', '2303.18223v19 (1).pdf', '2203.15556v1.pdf', '2210.03629v3.pdf']",370.02,1,1,1,"['2005.11401v4.pdf, p. 1', '2303.18223v19.pdf, p. 128', '2303.18223v19 (1).pdf, p. 128', '2203.15556v1.pdf, p. 18', '2210.03629v3.pdf, p. 11']"
What result or improvement is reported for the AI method in Denoising Diffusion Probabilistic Models Jonathan Ho UC Berkeley?,2006.11239v2.pdf,"['2006.11239v2.pdf', '2006.11239v2.pdf', '2112.10752v2.pdf', '2112.10752v2.pdf', '2204.06125v1.pdf']",448.64,1,1,1,"['2006.11239v2.pdf, p. 1', '2006.11239v2.pdf, p. 3', '2112.10752v2.pdf, p. 10', '2112.10752v2.pdf, p. 16', '2204.06125v1.pdf, p. 20']"
